Chambres,Superficie_m2,DistanceRoute_m,Quartier,AgeMaison,LoyerMensuel_BIF,Confort_Score,Chambres_par_Superficie
4.0,192.0,277.0,Rohero,17.0,2600000,4.0,0.020833333333333332
5.0,234.0,47.0,Rohero,37.0,2600000,3.0,0.021367521367521368
3.0,151.0,45.0,Kinanira,23.0,1069218,3.0,0.019867549668874173
5.0,227.0,174.0,Gasekebuye,22.0,2600000,5.0,0.022026431718061675
5.0,262.0,216.0,Gihosha,21.0,2085458,3.0,0.019083969465648856
2.0,79.0,172.0,Gihosha,1.0,1047467,3.0,0.02531645569620253
3.0,168.0,43.0,Kamenge,30.0,945838,3.0,0.017857142857142856
,119.0,249.0,Autres,10.0,824889,3.0,
3.0,150.0,155.0,Kinama,27.0,544343,2.0,0.02
5.0,238.0,115.0,Kiriri,31.0,2600000,4.0,0.02100840336134454
1.0,35.0,51.0,Ngagara,4.0,2500000,3.0,0.02857142857142857
3.0,145.0,67.0,Buyenzi,37.0,459826,2.0,0.020689655172413793
6.0,259.0,229.0,Kinama,9.0,765914,3.0,0.023166023166023165
5.0,262.0,73.0,Kinanira,39.0,1786611,3.0,0.019083969465648856
2.0,,294.0,Bwiza,23.0,249830,1.0,
4.0,217.0,,Bwiza,34.0,772406,4.0,0.018433179723502304
6.0,281.0,207.0,Kamenge,22.0,1020710,2.0,0.021352313167259787
6.0,250.0,65.0,Cibitoke,16.0,1667009,4.0,0.024
2.0,125.0,165.0,Kinama,0.0,872872,4.0,0.016
4.0,164.0,20.0,Cibitoke,30.0,889998,3.0,0.024390243902439025
5.0,249.0,98.0,Rohero,30.0,2600000,4.0,0.020080321285140562
1.0,30.0,142.0,Bwiza,33.0,322208,2.0,0.03333333333333333
4.0,175.0,42.0,,8.0,846374,4.0,0.022857142857142857
2.0,,131.0,Kinanira,21.0,1051769,3.0,
6.0,265.0,279.0,Ngagara,12.0,2068140,3.0,0.022641509433962263
5.0,259.0,168.0,Kiriri,24.0,2600000,2.0,0.019305019305019305
4.0,161.0,81.0,Bwiza,17.0,579453,3.0,0.024844720496894408
1.0,73.0,178.0,Buyenzi,11.0,522789,3.0,0.0136986301369863
,52.0,95.0,Kiriri,39.0,934995,3.0,
3.0,146.0,242.0,Kiriri,16.0,2383077,3.0,0.02054794520547945
3.0,141.0,268.0,Gasekebuye,14.0,1203784,2.0,0.02127659574468085
2.0,89.0,183.0,Nyakabiga,14.0,728910,3.0,0.02247191011235955
4.0,183.0,213.0,Gihosha,14.0,1524598,3.0,0.02185792349726776
4.0,171.0,,Kinanira,38.0,1557746,3.0,0.023391812865497075
6.0,299.0,111.0,Kinama,12.0,999984,2.0,0.020066889632107024
6.0,284.0,299.0,Buyenzi,16.0,845638,4.0,0.02112676056338028
6.0,309.0,288.0,Bwiza,31.0,1103996,3.0,0.019417475728155338
3.0,147.0,186.0,Bwiza,8.0,580812,2.0,0.02040816326530612
4.0,192.0,41.0,Bwiza,39.0,534589,2.0,0.020833333333333332
4.0,210.0,141.0,Musaga,19.0,915551,1.0,0.01904761904761905
1.0,67.0,60.0,Gihosha,25.0,567908,1.0,0.014925373134328358
3.0,151.0,191.0,Gihosha,26.0,1609464,3.0,0.019867549668874173
5.0,216.0,262.0,,20.0,1584595,5.0,0.023148148148148147
3.0,117.0,62.0,Musaga,17.0,784573,4.0,0.02564102564102564
5.0,205.0,127.0,Kiriri,12.0,2600000,4.0,0.024390243902439025
6.0,320.0,192.0,Kiriri,15.0,150000,4.0,0.01875
2.0,109.0,234.0,Gasekebuye,8.0,902908,1.0,0.01834862385321101
4.0,169.0,172.0,Autres,11.0,1252990,4.0,0.023668639053254437
1.0,67.0,118.0,Bwiza,37.0,266468,2.0,0.014925373134328358
4.0,203.0,256.0,Kamenge,18.0,772553,3.0,0.019704433497536946
6.0,278.0,111.0,Gasekebuye,6.0,2600000,3.0,0.02158273381294964
2.0,82.0,41.0,Kamenge,34.0,363444,1.0,0.024390243902439025
2.0,81.0,96.0,Musaga,17.0,597977,2.0,0.024691358024691357
1.0,55.0,22.0,Nyakabiga,,492200,2.0,0.01818181818181818
2.0,115.0,67.0,Rohero,38.0,1328618,2.0,0.017391304347826087
5.0,206.0,154.0,Musaga,3.0,919586,2.0,0.024271844660194174
2.0,120.0,143.0,Rohero,24.0,1588560,2.0,0.016666666666666666
4.0,209.0,190.0,Buyenzi,31.0,684542,3.0,0.019138755980861243
4.0,194.0,189.0,Nyakabiga,39.0,1208719,3.0,0.020618556701030927
4.0,,209.0,Kiriri,12.0,2600000,3.0,
,176.0,264.0,Kinanira,16.0,1578234,3.0,
5.0,230.0,218.0,Gasekebuye,36.0,2006894,3.0,0.021739130434782608
3.0,122.0,260.0,Kiriri,5.0,2366166,2.0,0.02459016393442623
6.0,278.0,139.0,,18.0,2600000,3.0,0.02158273381294964
1.0,50.0,65.0,,12.0,521765,2.0,0.02
4.0,169.0,92.0,Gihosha,25.0,1517750,2.0,0.023668639053254437
2.0,95.0,211.0,Autres,13.0,727436,3.0,0.021052631578947368
4.0,193.0,133.0,Buyenzi,30.0,678188,4.0,0.02072538860103627
2.0,120.0,7.0,Gihosha,3.0,1708148,4.0,0.016666666666666666
6.0,290.0,246.0,Gasekebuye,38.0,2600000,4.0,0.020689655172413793
6.0,256.0,125.0,Nyakabiga,7.0,1365310,2.0,0.0234375
6.0,253.0,106.0,Kiriri,24.0,2600000,4.0,0.023715415019762844
2.0,127.0,42.0,Gasekebuye,12.0,1296838,2.0,0.015748031496062992
4.0,212.0,137.0,Rohero,31.0,2600000,4.0,0.018867924528301886
6.0,,206.0,Gasekebuye,37.0,2363592,3.0,
5.0,249.0,25.0,Cibitoke,37.0,1604301,4.0,0.020080321285140562
2.0,80.0,246.0,Nyakabiga,27.0,557909,2.0,0.025
2.0,98.0,113.0,Autres,29.0,623723,3.0,0.02040816326530612
4.0,215.0,88.0,Nyakabiga,2.0,1274350,3.0,0.018604651162790697
2.0,105.0,87.0,Cibitoke,27.0,623265,2.0,0.01904761904761905
2.0,94.0,295.0,Gasekebuye,2.0,868643,1.0,0.02127659574468085
6.0,270.0,73.0,Buyenzi,33.0,716607,3.0,0.022222222222222223
4.0,216.0,133.0,Rohero,15.0,2571093,3.0,0.018518518518518517
6.0,285.0,200.0,,21.0,2600000,4.0,0.021052631578947368
6.0,259.0,,Bwiza,31.0,1050450,3.0,0.023166023166023165
4.0,196.0,287.0,Gihosha,,1894478,4.0,0.02040816326530612
1.0,33.0,238.0,Nyakabiga,7.0,429276,2.0,0.030303030303030304
6.0,273.0,27.0,Gasekebuye,7.0,2600000,3.0,0.02197802197802198
,239.0,157.0,Nyakabiga,5.0,1743130,4.0,
5.0,253.0,281.0,Ngagara,13.0,1460564,2.0,0.019762845849802372
2.0,,65.0,,31.0,853351,3.0,
5.0,252.0,56.0,Nyakabiga,34.0,1519041,2.0,0.01984126984126984
2.0,105.0,157.0,Kinama,9.0,705524,3.0,0.01904761904761905
1.0,42.0,241.0,Kinanira,2.0,718058,3.0,0.023809523809523808
4.0,208.0,36.0,Kinama,11.0,958924,4.0,0.019230769230769232
4.0,198.0,59.0,Rohero,30.0,2476189,3.0,0.020202020202020204
4.0,191.0,40.0,Kinanira,28.0,1661275,2.0,0.020942408376963352
5.0,228.0,,Nyakabiga,4.0,1709901,3.0,0.021929824561403508
1.0,47.0,181.0,Autres,24.0,482350,3.0,0.02127659574468085
5.0,236.0,299.0,Gasekebuye,40.0,2286847,3.0,0.0211864406779661
5.0,241.0,101.0,Cibitoke,30.0,1067184,3.0,0.02074688796680498
1.0,36.0,217.0,Gihosha,20.0,637441,3.0,0.027777777777777776
1.0,73.0,141.0,Kinama,19.0,341839,3.0,0.0136986301369863
,79.0,10.0,Gasekebuye,,1651976,4.0,
1.0,37.0,113.0,Bwiza,21.0,223992,2.0,0.02702702702702703
4.0,182.0,39.0,Autres,3.0,1214330,4.0,0.02197802197802198
3.0,139.0,43.0,,12.0,1243624,2.0,0.02158273381294964
3.0,149.0,154.0,Gasekebuye,19.0,1551433,3.0,0.020134228187919462
1.0,65.0,122.0,Nyakabiga,12.0,393107,1.0,0.015384615384615385
,144.0,265.0,Kinanira,16.0,1059409,2.0,
3.0,131.0,91.0,Nyakabiga,35.0,1375994,5.0,0.022900763358778626
,73.0,80.0,Nyakabiga,32.0,317276,1.0,
3.0,134.0,218.0,Nyakabiga,0.0,719344,3.0,0.022388059701492536
5.0,252.0,289.0,Ngagara,,1788192,4.0,0.01984126984126984
2.0,94.0,243.0,Gihosha,12.0,881102,2.0,0.02127659574468085
2.0,91.0,169.0,Cibitoke,16.0,980090,4.0,0.02197802197802198
1.0,37.0,91.0,Cibitoke,23.0,405293,3.0,0.02702702702702703
4.0,218.0,145.0,Kinanira,7.0,1915811,4.0,0.01834862385321101
1.0,43.0,164.0,Kinanira,26.0,476807,2.0,0.023255813953488372
4.0,208.0,50.0,Nyakabiga,22.0,1094619,2.0,0.019230769230769232
2.0,105.0,116.0,Ngagara,7.0,826141,2.0,0.01904761904761905
1.0,36.0,49.0,Nyakabiga,7.0,480699,2.0,0.027777777777777776
6.0,290.0,251.0,Ngagara,25.0,2024510,3.0,0.020689655172413793
5.0,223.0,108.0,Nyakabiga,,1515492,4.0,0.02242152466367713
3.0,126.0,89.0,Kinama,38.0,656963,3.0,0.023809523809523808
4.0,168.0,138.0,Kinama,36.0,702286,3.0,0.023809523809523808
6.0,256.0,112.0,Rohero,27.0,2600000,2.0,0.0234375
3.0,142.0,22.0,Nyakabiga,24.0,969147,2.0,0.02112676056338028
3.0,128.0,98.0,Gihosha,15.0,1533061,4.0,0.0234375
,55.0,154.0,Autres,1.0,761904,3.0,
,166.0,250.0,Bwiza,17.0,718007,4.0,
5.0,223.0,293.0,Rohero,16.0,2600000,3.0,0.02242152466367713
6.0,307.0,213.0,Kinanira,29.0,2559567,4.0,0.019543973941368076
3.0,161.0,130.0,Buyenzi,38.0,429523,2.0,0.018633540372670808
1.0,40.0,239.0,Nyakabiga,12.0,352989,2.0,0.025
5.0,257.0,126.0,Gasekebuye,31.0,2435903,3.0,0.019455252918287938
2.0,74.0,142.0,Kiriri,28.0,1117990,2.0,0.02702702702702703
6.0,284.0,119.0,Kinama,29.0,1421577,4.0,0.02112676056338028
3.0,126.0,166.0,Gasekebuye,17.0,1296997,4.0,0.023809523809523808
1.0,49.0,205.0,Buyenzi,12.0,136149,0.0,0.02040816326530612
2.0,121.0,238.0,Ngagara,20.0,1185706,4.0,0.01652892561983471
2.0,128.0,32.0,Buyenzi,29.0,693615,4.0,0.015625
4.0,180.0,15.0,Gihosha,20.0,1561007,3.0,0.022222222222222223
,240.0,210.0,Nyakabiga,16.0,1663240,4.0,
3.0,167.0,171.0,Cibitoke,39.0,827999,4.0,0.017964071856287425
1.0,47.0,251.0,Buyenzi,18.0,177224,2.0,0.02127659574468085
4.0,175.0,51.0,,,1152457,3.0,0.022857142857142857
5.0,261.0,250.0,Cibitoke,8.0,1323166,2.0,0.019157088122605363
4.0,198.0,131.0,Ngagara,9.0,1140448,3.0,0.020202020202020204
6.0,294.0,151.0,Rohero,30.0,2600000,3.0,0.02040816326530612
5.0,257.0,122.0,Gasekebuye,22.0,2451878,4.0,0.019455252918287938
5.0,246.0,156.0,Cibitoke,29.0,1177720,4.0,0.02032520325203252
3.0,,76.0,Rohero,32.0,1995431,2.0,
,243.0,141.0,Kinama,8.0,876345,3.0,
4.0,173.0,179.0,Bwiza,0.0,699138,3.0,0.023121387283236993
5.0,235.0,293.0,Nyakabiga,34.0,1466574,4.0,0.02127659574468085
3.0,172.0,23.0,Buyenzi,10.0,508768,3.0,0.01744186046511628
3.0,119.0,199.0,Kinama,33.0,365296,2.0,0.025210084033613446
6.0,284.0,179.0,,15.0,1028999,3.0,0.02112676056338028
4.0,182.0,145.0,Kiriri,8.0,2600000,3.0,0.02197802197802198
2.0,98.0,250.0,Musaga,31.0,494778,3.0,0.02040816326530612
2.0,112.0,97.0,Kamenge,14.0,1066380,5.0,0.017857142857142856
5.0,215.0,243.0,Autres,11.0,1341097,3.0,0.023255813953488372
6.0,267.0,209.0,Gihosha,32.0,2036681,2.0,0.02247191011235955
1.0,71.0,52.0,Rohero,13.0,1063895,2.0,0.014084507042253521
5.0,216.0,249.0,Bwiza,7.0,784084,2.0,0.023148148148148147
6.0,258.0,299.0,Musaga,7.0,1238428,3.0,0.023255813953488372
4.0,169.0,132.0,Kamenge,26.0,772010,3.0,0.023668639053254437
4.0,217.0,286.0,,,774690,3.0,0.018433179723502304
4.0,203.0,21.0,Gihosha,0.0,1698993,3.0,0.019704433497536946
4.0,176.0,75.0,Rohero,,2233069,4.0,0.022727272727272728
4.0,197.0,273.0,Nyakabiga,10.0,1420910,4.0,0.02030456852791878
6.0,256.0,286.0,Gihosha,38.0,1887787,2.0,0.0234375
6.0,295.0,11.0,Buyenzi,30.0,896416,3.0,0.020338983050847456
3.0,127.0,107.0,Kinama,16.0,754605,3.0,0.023622047244094488
2.0,109.0,197.0,Kiriri,32.0,1821920,3.0,0.01834862385321101
4.0,201.0,245.0,Kamenge,31.0,735393,3.0,0.01990049751243781
1.0,33.0,66.0,Kamenge,28.0,250370,2.0,0.030303030303030304
6.0,299.0,21.0,Bwiza,20.0,1232722,3.0,0.020066889632107024
1.0,51.0,175.0,Kiriri,20.0,948477,3.0,0.0196078431372549
,82.0,29.0,Kamenge,39.0,457947,3.0,
1.0,30.0,255.0,Kiriri,22.0,812126,3.0,0.03333333333333333
3.0,119.0,257.0,Rohero,5.0,1690726,2.0,0.025210084033613446
6.0,278.0,211.0,Buyenzi,21.0,693275,3.0,0.02158273381294964
1.0,61.0,33.0,Gihosha,37.0,703178,3.0,0.01639344262295082
4.0,197.0,121.0,Kinama,36.0,902442,3.0,0.02030456852791878
5.0,223.0,286.0,Buyenzi,7.0,1125333,4.0,0.02242152466367713
1.0,32.0,148.0,Musaga,40.0,156174,1.0,0.03125
3.0,162.0,29.0,Nyakabiga,34.0,1136929,4.0,0.018518518518518517
,294.0,160.0,Kiriri,10.0,2600000,4.0,
3.0,115.0,77.0,Cibitoke,23.0,893796,2.0,0.02608695652173913
1.0,46.0,,Buyenzi,20.0,199931,2.0,0.021739130434782608
6.0,301.0,97.0,Bwiza,1.0,856704,3.0,0.019933554817275746
5.0,221.0,90.0,Musaga,39.0,1098204,3.0,0.02262443438914027
1.0,31.0,122.0,Kinama,18.0,315568,3.0,0.03225806451612903
3.0,139.0,237.0,Bwiza,38.0,559592,2.0,0.02158273381294964
2.0,114.0,,Bwiza,27.0,360162,1.0,0.017543859649122806
4.0,163.0,210.0,Gasekebuye,16.0,2253807,2.0,0.024539877300613498
3.0,150.0,151.0,Cibitoke,5.0,885755,2.0,0.02
6.0,255.0,275.0,Kiriri,18.0,2600000,3.0,0.023529411764705882
1.0,84.0,143.0,Cibitoke,37.0,405006,3.0,0.011904761904761904
4.0,190.0,185.0,Buyenzi,27.0,580183,3.0,0.021052631578947368
1.0,43.0,34.0,Bwiza,1.0,306610,1.0,0.023255813953488372
6.0,293.0,61.0,Kamenge,37.0,987010,3.0,0.020477815699658702
1.0,78.0,236.0,Kinanira,36.0,541250,2.0,0.01282051282051282
2.0,108.0,150.0,Kinama,3.0,482399,2.0,0.018518518518518517
4.0,186.0,52.0,Kamenge,21.0,1016783,3.0,0.021505376344086023
4.0,169.0,198.0,Kinama,25.0,655523,3.0,0.023668639053254437
6.0,275.0,228.0,Kiriri,35.0,2600000,3.0,0.02181818181818182
2.0,88.0,140.0,Kinanira,12.0,924635,3.0,0.022727272727272728
3.0,153.0,26.0,Autres,31.0,1015575,4.0,0.0196078431372549
1.0,30.0,10.0,Nyakabiga,16.0,501563,3.0,0.03333333333333333
5.0,249.0,208.0,Kinanira,40.0,1788919,4.0,0.020080321285140562
1.0,37.0,243.0,Kiriri,35.0,406192,1.0,0.02702702702702703
1.0,74.0,189.0,Ngagara,18.0,684234,3.0,0.013513513513513514
3.0,142.0,296.0,Gasekebuye,34.0,1599599,2.0,0.02112676056338028
1.0,82.0,224.0,Buyenzi,39.0,252890,2.0,0.012195121951219513
2.0,89.0,120.0,Kiriri,27.0,1120678,3.0,0.02247191011235955
2.0,97.0,53.0,Buyenzi,0.0,598488,3.0,0.020618556701030927
4.0,167.0,177.0,Musaga,17.0,801099,2.0,0.023952095808383235
6.0,290.0,86.0,Kamenge,39.0,1612959,5.0,0.020689655172413793
5.0,243.0,49.0,Gasekebuye,32.0,2248408,2.0,0.0205761316872428
1.0,30.0,24.0,Musaga,11.0,620225,2.0,0.03333333333333333
1.0,30.0,,Ngagara,7.0,516258,3.0,0.03333333333333333
3.0,127.0,127.0,,23.0,1313715,2.0,0.023622047244094488
,277.0,238.0,Buyenzi,15.0,988040,4.0,
2.0,126.0,225.0,Rohero,3.0,1441714,3.0,0.015873015873015872
5.0,264.0,7.0,Kinanira,37.0,2137503,3.0,0.01893939393939394
4.0,208.0,186.0,Gasekebuye,26.0,2109415,4.0,0.019230769230769232
2.0,94.0,210.0,Kinanira,8.0,1183943,3.0,0.02127659574468085
6.0,305.0,44.0,Ngagara,15.0,1877765,4.0,0.019672131147540985
4.0,192.0,63.0,Nyakabiga,11.0,1253462,4.0,0.020833333333333332
3.0,152.0,66.0,Kinama,30.0,864449,4.0,0.019736842105263157
3.0,167.0,136.0,Bwiza,23.0,648210,3.0,0.017964071856287425
1.0,30.0,64.0,Bwiza,13.0,142096,0.0,0.03333333333333333
6.0,307.0,126.0,Ngagara,24.0,1985966,2.0,0.019543973941368076
5.0,248.0,,,33.0,887255,4.0,0.020161290322580645
4.0,204.0,,,2.0,706249,3.0,0.0196078431372549
2.0,101.0,,Ngagara,23.0,702553,3.0,0.019801980198019802
,294.0,66.0,Kinama,8.0,1013672,2.0,
6.0,296.0,260.0,Kiriri,25.0,2600000,4.0,0.02027027027027027
3.0,135.0,53.0,Musaga,19.0,606926,2.0,0.022222222222222223
1.0,40.0,163.0,Ngagara,39.0,364323,3.0,0.025
1.0,78.0,128.0,Kiriri,9.0,1574863,3.0,0.01282051282051282
4.0,180.0,211.0,Buyenzi,18.0,493603,1.0,0.022222222222222223
3.0,125.0,52.0,Ngagara,2.0,1208660,3.0,0.024
6.0,309.0,140.0,Buyenzi,23.0,1283770,4.0,0.019417475728155338
5.0,241.0,205.0,Ngagara,4.0,1675700,3.0,0.02074688796680498
3.0,150.0,254.0,Kinama,2.0,951743,5.0,0.02
4.0,194.0,299.0,Nyakabiga,26.0,1118967,4.0,0.020618556701030927
4.0,178.0,213.0,Gihosha,15.0,2257352,4.0,0.02247191011235955
3.0,134.0,215.0,Kiriri,14.0,2190088,1.0,0.022388059701492536
4.0,216.0,196.0,Kinama,34.0,728007,3.0,0.018518518518518517
3.0,132.0,48.0,Kamenge,11.0,742264,3.0,0.022727272727272728
2.0,116.0,33.0,Cibitoke,40.0,654254,3.0,0.017241379310344827
3.0,155.0,63.0,Kiriri,25.0,1681668,1.0,0.01935483870967742
3.0,163.0,75.0,Nyakabiga,33.0,1197372,3.0,0.018404907975460124
4.0,173.0,96.0,Musaga,,1252536,3.0,0.023121387283236993
4.0,174.0,269.0,Kinanira,30.0,1140428,2.0,0.022988505747126436
1.0,55.0,224.0,Bwiza,19.0,294403,2.0,0.01818181818181818
1.0,,219.0,Kinama,,192180,1.0,
2.0,122.0,281.0,Ngagara,22.0,629805,1.0,0.01639344262295082
1.0,78.0,68.0,Autres,,559685,3.0,0.01282051282051282
3.0,168.0,296.0,Kinama,22.0,451020,3.0,0.017857142857142856
4.0,,249.0,Gasekebuye,0.0,1796479,2.0,
1.0,40.0,66.0,Kiriri,24.0,859665,2.0,0.025
,47.0,174.0,Rohero,1.0,1028667,2.0,
2.0,126.0,273.0,Kiriri,29.0,1448038,3.0,0.015873015873015872
6.0,260.0,271.0,,2.0,1782047,4.0,0.023076923076923078
2.0,81.0,58.0,Gasekebuye,20.0,1363749,3.0,0.024691358024691357
3.0,124.0,,Gihosha,24.0,1521360,4.0,0.024193548387096774
4.0,191.0,12.0,Musaga,19.0,1055370,3.0,0.020942408376963352
2.0,85.0,108.0,Rohero,21.0,1224926,2.0,0.023529411764705882
1.0,32.0,,Buyenzi,20.0,151335,1.0,0.03125
4.0,197.0,44.0,,32.0,1146731,3.0,0.02030456852791878
4.0,171.0,241.0,Autres,37.0,1197233,4.0,0.023391812865497075
1.0,48.0,98.0,Rohero,14.0,1077747,3.0,0.020833333333333332
2.0,97.0,,Kinama,14.0,340768,2.0,0.020618556701030927
1.0,77.0,208.0,Musaga,24.0,408430,3.0,0.012987012987012988
6.0,257.0,142.0,,20.0,1048698,2.0,0.023346303501945526
4.0,217.0,211.0,Kinama,23.0,773800,2.0,0.018433179723502304
5.0,232.0,85.0,Buyenzi,4.0,919685,4.0,0.021551724137931036
5.0,240.0,222.0,Kiriri,5.0,2600000,3.0,0.020833333333333332
3.0,140.0,6.0,Kinanira,22.0,1019019,2.0,0.02142857142857143
1.0,32.0,182.0,Musaga,3.0,617267,4.0,0.03125
1.0,82.0,283.0,Kinanira,26.0,819806,3.0,0.012195121951219513
3.0,174.0,150.0,Nyakabiga,,849594,1.0,0.017241379310344827
,164.0,228.0,Gasekebuye,20.0,2046104,3.0,
3.0,142.0,66.0,Nyakabiga,,1531501,4.0,0.02112676056338028
4.0,187.0,298.0,Kinanira,34.0,1307156,3.0,0.0213903743315508
6.0,286.0,243.0,Autres,21.0,1209913,3.0,0.02097902097902098
1.0,65.0,199.0,Gasekebuye,39.0,900405,4.0,0.015384615384615385
4.0,195.0,170.0,Nyakabiga,22.0,1474447,4.0,0.020512820512820513
3.0,141.0,226.0,,2.0,739378,3.0,0.02127659574468085
1.0,78.0,65.0,Ngagara,39.0,503262,2.0,0.01282051282051282
4.0,,133.0,Kamenge,9.0,725340,2.0,
6.0,,177.0,Gasekebuye,24.0,2600000,4.0,
4.0,192.0,160.0,Nyakabiga,7.0,947421,1.0,0.020833333333333332
6.0,302.0,114.0,,10.0,1745877,4.0,0.019867549668874173
3.0,134.0,273.0,Kinama,4.0,708048,4.0,0.022388059701492536
,262.0,282.0,Kinanira,36.0,1987297,4.0,
1.0,52.0,78.0,,37.0,456328,3.0,0.019230769230769232
3.0,162.0,211.0,Gihosha,28.0,1928433,4.0,0.018518518518518517
1.0,53.0,283.0,Gasekebuye,4.0,688494,3.0,0.018867924528301886
5.0,217.0,208.0,Bwiza,8.0,934177,4.0,0.02304147465437788
2.0,115.0,165.0,Bwiza,,682714,4.0,0.017391304347826087
6.0,284.0,32.0,Rohero,,2600000,2.0,0.02112676056338028
2.0,75.0,261.0,Nyakabiga,39.0,436094,2.0,0.02666666666666667
2.0,87.0,169.0,Rohero,29.0,1660346,3.0,0.022988505747126436
6.0,300.0,67.0,Musaga,10.0,1663707,4.0,0.02
3.0,119.0,26.0,Cibitoke,27.0,951831,3.0,0.025210084033613446
5.0,251.0,74.0,Autres,11.0,1553092,3.0,0.0199203187250996
1.0,49.0,,Gihosha,38.0,1134781,4.0,0.02040816326530612
4.0,161.0,167.0,Autres,25.0,879679,2.0,0.024844720496894408
1.0,34.0,83.0,Kinanira,12.0,782756,3.0,0.029411764705882353
4.0,215.0,9.0,Kiriri,7.0,2600000,2.0,0.018604651162790697
1.0,54.0,124.0,Kamenge,27.0,332640,2.0,0.018518518518518517
6.0,299.0,182.0,Gasekebuye,29.0,2600000,4.0,0.020066889632107024
5.0,263.0,180.0,Gihosha,8.0,2216024,3.0,0.019011406844106463
4.0,204.0,221.0,,38.0,832796,2.0,0.0196078431372549
3.0,119.0,60.0,Gasekebuye,30.0,1738158,3.0,0.025210084033613446
1.0,79.0,191.0,Gihosha,20.0,911902,3.0,0.012658227848101266
1.0,,236.0,Autres,33.0,481866,3.0,
4.0,192.0,259.0,Kiriri,30.0,2534681,4.0,0.020833333333333332
3.0,168.0,,Kamenge,24.0,638560,2.0,0.017857142857142856
3.0,115.0,81.0,Ngagara,11.0,1037226,2.0,0.02608695652173913
6.0,267.0,234.0,Kinanira,0.0,2089891,3.0,0.02247191011235955
6.0,281.0,262.0,Kiriri,21.0,2600000,3.0,0.021352313167259787
6.0,296.0,268.0,Kinama,39.0,916087,2.0,0.02027027027027027
6.0,,186.0,Rohero,36.0,2600000,3.0,
6.0,260.0,260.0,Gasekebuye,0.0,2600000,5.0,0.023076923076923078
6.0,,42.0,Bwiza,0.0,1163856,4.0,
5.0,230.0,180.0,Nyakabiga,20.0,1346455,3.0,0.021739130434782608
3.0,,31.0,,,1743777,3.0,
6.0,271.0,280.0,Musaga,16.0,1042623,2.0,0.02214022140221402
3.0,173.0,144.0,Bwiza,21.0,647110,1.0,0.017341040462427744
3.0,141.0,291.0,Autres,37.0,887492,4.0,0.02127659574468085
2.0,118.0,95.0,Bwiza,34.0,497616,3.0,0.01694915254237288
5.0,217.0,65.0,Kamenge,15.0,1160062,4.0,0.02304147465437788
6.0,282.0,167.0,Rohero,7.0,2600000,5.0,0.02127659574468085
1.0,58.0,147.0,Cibitoke,16.0,511294,3.0,0.017241379310344827
4.0,200.0,257.0,Kamenge,16.0,909285,3.0,0.02
1.0,59.0,273.0,Kiriri,25.0,894878,3.0,0.01694915254237288
5.0,205.0,295.0,Cibitoke,12.0,1287255,3.0,0.024390243902439025
4.0,180.0,191.0,Autres,16.0,948691,2.0,0.022222222222222223
5.0,252.0,295.0,Kinanira,,1704211,2.0,0.01984126984126984
3.0,169.0,90.0,Autres,,1054671,2.0,0.01775147928994083
4.0,,170.0,Gihosha,13.0,1299815,2.0,
3.0,,118.0,Musaga,5.0,818429,3.0,
1.0,41.0,187.0,Gasekebuye,34.0,533641,2.0,0.024390243902439025
1.0,,211.0,Bwiza,13.0,181870,2.0,
4.0,190.0,260.0,Nyakabiga,7.0,1377223,4.0,0.021052631578947368
4.0,164.0,239.0,Cibitoke,14.0,1190263,4.0,0.024390243902439025
6.0,287.0,7.0,Rohero,26.0,2600000,3.0,0.020905923344947737
5.0,207.0,212.0,,12.0,1256873,3.0,0.024154589371980676
6.0,302.0,201.0,Gasekebuye,30.0,2600000,3.0,0.019867549668874173
5.0,227.0,129.0,Kinanira,34.0,1780093,3.0,0.022026431718061675
6.0,286.0,,Ngagara,5.0,1744504,3.0,0.02097902097902098
3.0,167.0,29.0,Kinanira,,1943935,4.0,0.017964071856287425
4.0,196.0,72.0,Kinama,21.0,728525,2.0,0.02040816326530612
1.0,34.0,,Gasekebuye,22.0,611730,2.0,0.029411764705882353
5.0,,33.0,Rohero,24.0,2578143,4.0,
,223.0,23.0,Kiriri,33.0,2164627,3.0,
1.0,41.0,175.0,Bwiza,25.0,258517,2.0,0.024390243902439025
6.0,270.0,78.0,Ngagara,4.0,1780867,3.0,0.022222222222222223
5.0,218.0,65.0,Musaga,25.0,1326405,4.0,0.022935779816513763
3.0,123.0,157.0,Gihosha,19.0,1159467,3.0,0.024390243902439025
4.0,205.0,280.0,Kamenge,5.0,1046949,3.0,0.01951219512195122
1.0,,52.0,Nyakabiga,5.0,471026,2.0,
4.0,210.0,215.0,Kiriri,17.0,2600000,2.0,0.01904761904761905
,249.0,143.0,Gihosha,3.0,1657285,2.0,
5.0,217.0,114.0,Bwiza,16.0,1002192,3.0,0.02304147465437788
1.0,30.0,187.0,Gihosha,13.0,567593,2.0,0.03333333333333333
3.0,115.0,32.0,Kinanira,13.0,1220099,3.0,0.02608695652173913
2.0,118.0,201.0,Musaga,12.0,954055,4.0,0.01694915254237288
1.0,64.0,195.0,Bwiza,6.0,342357,3.0,0.015625
2.0,101.0,55.0,Gasekebuye,14.0,1229262,3.0,0.019801980198019802
6.0,283.0,153.0,Kinanira,18.0,2594250,3.0,0.02120141342756184
2.0,97.0,272.0,Buyenzi,34.0,281230,3.0,0.020618556701030927
3.0,145.0,54.0,Cibitoke,16.0,877121,3.0,0.020689655172413793
6.0,,250.0,Nyakabiga,34.0,1320592,2.0,
2.0,108.0,,Autres,18.0,837956,3.0,0.018518518518518517
6.0,275.0,174.0,Cibitoke,19.0,1537399,3.0,0.02181818181818182
2.0,127.0,170.0,Kamenge,35.0,382743,2.0,0.015748031496062992
3.0,148.0,18.0,Buyenzi,34.0,594316,4.0,0.02027027027027027
2.0,123.0,207.0,Rohero,,1502898,2.0,0.016260162601626018
2.0,123.0,292.0,Kamenge,39.0,393758,2.0,0.016260162601626018
2.0,72.0,193.0,Kamenge,23.0,453508,2.0,0.027777777777777776
1.0,83.0,159.0,Kinama,16.0,400447,4.0,0.012048192771084338
1.0,74.0,59.0,Gasekebuye,6.0,1208953,3.0,0.013513513513513514
1.0,,,Nyakabiga,0.0,455996,2.0,
3.0,115.0,214.0,Kinanira,34.0,1137214,3.0,0.02608695652173913
6.0,303.0,79.0,Musaga,31.0,1354551,3.0,0.019801980198019802
5.0,248.0,281.0,Gasekebuye,35.0,2200592,2.0,0.020161290322580645
2.0,74.0,137.0,Cibitoke,12.0,616713,3.0,0.02702702702702703
2.0,99.0,63.0,Kamenge,5.0,633512,3.0,0.020202020202020204
3.0,144.0,,Cibitoke,13.0,1060181,3.0,0.020833333333333332
2.0,128.0,68.0,Kiriri,36.0,1536788,3.0,0.015625
1.0,81.0,264.0,Cibitoke,14.0,460153,3.0,0.012345679012345678
5.0,221.0,197.0,Rohero,3.0,2311703,3.0,0.02262443438914027
4.0,207.0,147.0,Bwiza,,867405,3.0,0.01932367149758454
2.0,116.0,,,15.0,2494708,3.0,0.017241379310344827
1.0,47.0,218.0,Kiriri,27.0,663181,1.0,0.02127659574468085
4.0,174.0,246.0,Nyakabiga,,978257,1.0,0.022988505747126436
5.0,241.0,213.0,Gasekebuye,3.0,2504289,4.0,0.02074688796680498
4.0,180.0,97.0,Nyakabiga,25.0,1252226,3.0,0.022222222222222223
1.0,38.0,146.0,Ngagara,27.0,507985,2.0,0.02631578947368421
6.0,251.0,116.0,Gihosha,31.0,2462288,4.0,0.02390438247011952
6.0,260.0,63.0,Nyakabiga,1.0,1680764,2.0,0.023076923076923078
4.0,210.0,47.0,Cibitoke,30.0,1229634,4.0,0.01904761904761905
3.0,153.0,211.0,Kinanira,2.0,1074822,1.0,0.0196078431372549
4.0,197.0,272.0,Cibitoke,7.0,1234057,3.0,0.02030456852791878
2.0,,300.0,Kinanira,23.0,1338887,3.0,
2.0,103.0,122.0,Bwiza,14.0,394031,1.0,0.019417475728155338
6.0,287.0,24.0,,30.0,2600000,4.0,0.020905923344947737
3.0,164.0,226.0,Bwiza,8.0,571904,3.0,0.018292682926829267
1.0,58.0,170.0,Gasekebuye,38.0,807331,3.0,0.017241379310344827
2.0,87.0,135.0,Gasekebuye,1.0,969164,1.0,0.022988505747126436
6.0,279.0,160.0,Kiriri,7.0,2600000,2.0,0.021505376344086023
5.0,219.0,188.0,Ngagara,6.0,1734567,4.0,0.0228310502283105
6.0,276.0,94.0,Kinanira,38.0,1831063,2.0,0.021739130434782608
2.0,120.0,,Kiriri,15.0,2291921,4.0,0.016666666666666666
2.0,103.0,17.0,Nyakabiga,34.0,667150,3.0,0.019417475728155338
6.0,301.0,297.0,Rohero,29.0,2600000,3.0,0.019933554817275746
1.0,81.0,234.0,Gasekebuye,9.0,1656710,4.0,0.012345679012345678
4.0,197.0,296.0,Kinanira,37.0,1266130,3.0,0.02030456852791878
2.0,102.0,30.0,Bwiza,17.0,550558,4.0,0.0196078431372549
6.0,273.0,79.0,Cibitoke,4.0,1241076,3.0,0.02197802197802198
6.0,264.0,154.0,Musaga,28.0,1635774,4.0,0.022727272727272728
3.0,174.0,152.0,Nyakabiga,38.0,1056394,4.0,0.017241379310344827
4.0,189.0,12.0,Musaga,33.0,951313,3.0,0.021164021164021163
5.0,259.0,33.0,Buyenzi,22.0,889633,3.0,0.019305019305019305
1.0,66.0,300.0,Buyenzi,4.0,268868,3.0,0.015151515151515152
5.0,255.0,213.0,Cibitoke,29.0,1313016,4.0,0.0196078431372549
4.0,176.0,132.0,Buyenzi,5.0,569998,3.0,0.022727272727272728
4.0,164.0,120.0,Gihosha,3.0,1678140,2.0,0.024390243902439025
4.0,188.0,148.0,Bwiza,28.0,582680,2.0,0.02127659574468085
5.0,208.0,239.0,Gasekebuye,22.0,2580300,4.0,0.02403846153846154
4.0,169.0,11.0,Kiriri,5.0,2568644,3.0,0.023668639053254437
6.0,305.0,49.0,Ngagara,31.0,1999986,4.0,0.019672131147540985
5.0,221.0,243.0,Nyakabiga,17.0,1597434,5.0,0.02262443438914027
4.0,169.0,159.0,Musaga,14.0,981613,3.0,0.023668639053254437
,266.0,185.0,Cibitoke,,1702764,4.0,
3.0,174.0,219.0,Gihosha,31.0,1318338,3.0,0.017241379310344827
4.0,179.0,92.0,Cibitoke,8.0,944078,2.0,0.0223463687150838
5.0,228.0,260.0,Kiriri,36.0,2600000,3.0,0.021929824561403508
2.0,74.0,77.0,Gihosha,9.0,873429,3.0,0.02702702702702703
4.0,193.0,183.0,Autres,19.0,1065267,3.0,0.02072538860103627
2.0,75.0,216.0,Bwiza,5.0,596160,4.0,0.02666666666666667
6.0,302.0,297.0,Buyenzi,2.0,1087533,4.0,0.019867549668874173
3.0,116.0,238.0,Buyenzi,10.0,395848,3.0,0.02586206896551724
1.0,37.0,,Bwiza,16.0,221451,2.0,0.02702702702702703
3.0,157.0,227.0,Bwiza,,569075,3.0,0.01910828025477707
4.0,202.0,123.0,Kinanira,3.0,1622245,2.0,0.019801980198019802
2.0,117.0,268.0,Kinama,3.0,770113,4.0,0.017094017094017096
2.0,80.0,211.0,Bwiza,16.0,286840,2.0,0.025
5.0,255.0,99.0,Cibitoke,40.0,1329786,3.0,0.0196078431372549
,116.0,226.0,Kinanira,18.0,1089805,4.0,
5.0,261.0,280.0,Autres,4.0,1231964,3.0,0.019157088122605363
6.0,272.0,235.0,Nyakabiga,31.0,1464786,4.0,0.022058823529411766
1.0,79.0,123.0,Kinanira,21.0,919045,3.0,0.012658227848101266
4.0,175.0,272.0,Kamenge,,724139,2.0,0.022857142857142857
5.0,235.0,277.0,Buyenzi,34.0,741104,3.0,0.02127659574468085
1.0,35.0,68.0,Kiriri,21.0,1023285,2.0,0.02857142857142857
2.0,123.0,15.0,Kamenge,0.0,635416,2.0,0.016260162601626018
2.0,85.0,102.0,Cibitoke,19.0,435552,1.0,0.023529411764705882
1.0,32.0,75.0,Musaga,21.0,296607,2.0,0.03125
2.0,73.0,62.0,Musaga,10.0,547994,3.0,0.0273972602739726
6.0,289.0,294.0,Bwiza,12.0,1022991,4.0,0.020761245674740483
6.0,253.0,255.0,Nyakabiga,2.0,1519435,3.0,0.023715415019762844
1.0,80.0,280.0,Kinanira,8.0,538675,1.0,0.0125
5.0,229.0,54.0,Musaga,11.0,1488004,4.0,0.021834061135371178
5.0,207.0,220.0,Gihosha,22.0,1914672,3.0,0.024154589371980676
1.0,56.0,,Bwiza,13.0,365056,3.0,0.017857142857142856
5.0,207.0,275.0,Gihosha,32.0,1633760,2.0,0.024154589371980676
5.0,231.0,88.0,Gasekebuye,17.0,2264817,3.0,0.021645021645021644
6.0,278.0,297.0,Nyakabiga,40.0,1625730,3.0,0.02158273381294964
,236.0,130.0,Ngagara,8.0,1793307,4.0,
3.0,164.0,300.0,Kiriri,22.0,2294975,3.0,0.018292682926829267
4.0,217.0,76.0,Buyenzi,9.0,549844,2.0,0.018433179723502304
2.0,120.0,300.0,Kinanira,18.0,1018714,3.0,0.016666666666666666
3.0,133.0,240.0,Autres,4.0,661844,1.0,0.022556390977443608
5.0,225.0,60.0,Kiriri,22.0,2600000,2.0,0.022222222222222223
6.0,254.0,114.0,Bwiza,29.0,1119505,4.0,0.023622047244094488
1.0,42.0,196.0,Cibitoke,24.0,354049,3.0,0.023809523809523808
5.0,232.0,97.0,Rohero,27.0,2600000,5.0,0.021551724137931036
6.0,291.0,60.0,Rohero,33.0,2562145,2.0,0.020618556701030927
4.0,181.0,64.0,Autres,24.0,1182846,3.0,0.022099447513812154
5.0,225.0,142.0,Rohero,9.0,2600000,4.0,0.022222222222222223
,30.0,43.0,Musaga,13.0,295927,2.0,
6.0,250.0,32.0,,29.0,1921167,4.0,0.024
6.0,254.0,53.0,Gasekebuye,40.0,2600000,3.0,0.023622047244094488
6.0,290.0,129.0,Ngagara,24.0,2043228,4.0,0.020689655172413793
4.0,171.0,17.0,Gasekebuye,13.0,1967570,3.0,0.023391812865497075
5.0,230.0,40.0,Kinanira,34.0,1558421,2.0,0.021739130434782608
4.0,205.0,105.0,Kinanira,33.0,1859845,4.0,0.01951219512195122
,103.0,286.0,Ngagara,9.0,867065,3.0,
2.0,118.0,90.0,Nyakabiga,34.0,1139022,3.0,0.01694915254237288
5.0,218.0,8.0,Kinanira,10.0,1760321,3.0,0.022935779816513763
4.0,185.0,227.0,Nyakabiga,10.0,1294312,3.0,0.021621621621621623
4.0,,239.0,Cibitoke,14.0,1190263,4.0,
3.0,,76.0,Rohero,32.0,1995431,2.0,
4.0,194.0,189.0,Nyakabiga,39.0,1208719,3.0,0.020618556701030927
5.0,257.0,122.0,Gasekebuye,22.0,2451878,4.0,0.019455252918287938
2.0,126.0,225.0,Rohero,3.0,1441714,2.0,0.015873015873015872
5.0,,65.0,Kamenge,15.0,1160062,4.0,
5.0,241.0,205.0,Ngagara,4.0,1675700,3.0,0.02074688796680498
4.0,192.0,277.0,Rohero,17.0,2600000,4.0,0.020833333333333332
6.0,276.0,,Kinanira,38.0,1831063,2.0,0.021739130434782608
5.0,241.0,213.0,Gasekebuye,3.0,2504289,3.0,0.02074688796680498
